ID,ID_inline,Plant,Repetition,Concentration,Shoot_length_1,Shoot_length_2,Shoot_length_3,Shoot_length_4,Shoot_length_5,Shoot_length_6,Shoot_length_8,Shoot_length_10,Shoot_length_11,Shoot_length_14,germination_1,germination_2,germination_3,germination_4,germination_5,germination_6,germination_8,germination_10,germination_11,germination_14,
1,1,rzeżucha,1,0,0.00,1.00,1.5,4.50,6.00,7.00,8.00,7.00,7.00,7.00,no,yes,yes,yes,yes,yes,yes,yes,yes,yes,
2,2,rzeżucha,1,0,0.00,1.00,1.5,3.00,4.50,6.50,7.00,7.00,7.00,3.50,no,yes,yes,yes,yes,yes,yes,yes,yes,yes,
3,3,rzeżucha,1,0,0.00,1.00,1.5,3.00,4.50,5.00,6.50,4.50,6.00,7.00,no,yes,yes,yes,yes,yes,yes,yes,yes,yes,
4,4,rzeżucha,1,0,0.00,1.00,1.5,3.00,4.50,5.00,6.50,4.50,5.50,7.00,no,yes,yes,yes,yes,yes,yes,yes,yes,yes,
5,5,rzeżucha,1,0,0.00,1.00,1.5,2.50,4.50,5.00,6.50,4.50,5.50,3.00,no,yes,yes,yes,yes,yes,yes,yes,yes,yes,
6,6,rzeżucha,1,0,0.00,1.00,1.5,2.50,4.50,5.00,6.50,4.00,5.00,4.00,no,yes,yes,yes,yes,yes,yes,yes,yes,yes,
7,7,rzeżucha,1,0,0.00,1.00,1.5,2.50,4.00,4.50,6.50,4.00,5.00,4.50,no,yes,yes,yes,yes,yes,yes,yes,yes,yes,
8,8,rzeżucha,1,0,0.00,1.00,1.5,1.00,4.00,4.50,6.50,6.00,5.00,4.50,no,yes,yes,yes,yes,yes,yes,yes,yes,yes,
9,9,rzeżucha,1,0,0.00,1.00,1.5,1.00,4.00,4.50,6.50,5.00,5.00,4.50,no,yes,yes,yes,yes,yes,yes,yes,yes,yes,
10,10,rzeżucha,1,0,0.00,1.00,1.5,1.00,4.00,4.50,5.00,5.00,5.00,5.00,no,yes,yes,yes,yes,yes,yes,yes,yes,yes,
11,11,rzeżucha,1,0,0.00,1.00,1.5,1.00,4.00,4.50,5.00,6.00,5.00,5.00,no,yes,yes,yes,yes,yes,yes,yes,yes,yes,
12,12,rzeżucha,1,0,0.00,1.00,1.5,1.00,4.00,4.50,4.50,5.00,6.00,4.00,no,yes,yes,yes,yes,yes,yes,yes,yes,yes,
13,13,rzeżucha,1,0,0.00,1.00,1.5,1.00,3.00,4.50,4.50,3.00,1.50,6.00,no,yes,yes,yes,yes,yes,yes,yes,yes,yes,
14,14,rzeżucha,1,0,0.00,1.00,1.5,0.00,3.00,4.50,3.50,4.50,4.00,6.00,no,yes,yes,no,yes,yes,yes,yes,yes,yes,
15,15,rzeżucha,1,0,0.00,1.00,1.5,0.00,3.00,4.50,3.50,4.00,4.00,5.00,no,yes,yes,no,yes,yes,yes,yes,yes,yes,
16,16,rzeżucha,1,0,0.00,0.00,2.00,0.00,3.00,3.50,3.50,4.00,1.50,5.50,no,no,yes,no,yes,yes,yes,yes,yes,yes,
17,17,rzeżucha,1,0,0.00,0.00,0.00,0.00,2.00,1.50,1.00,4.00,1.40,5.00,no,no,no,no,yes,yes,yes,yes,yes,yes,
18,18,rzeżucha,1,0,0.00,0.00,0.00,0.00,1.50,1.50,1.00,1.50,1.50,5.50,no,no,no,no,yes,yes,yes,yes,yes,yes,
19,19,rzeżucha,1,0,0.00,0.00,0.00,0.00,1.50,1.50,1.50,1.50,1.60,6.00,no,no,no,no,yes,yes,yes,yes,yes,yes,
20,20,rzeżucha,1,0,0.00,0.00,0.00,0.00,1.50,1.50,1.50,1.50,1.60,1.00,no,no,no,no,yes,yes,yes,yes,yes,yes,
21,1,rzeżucha,2,0,0.00,1.00,1.50,4.00,5.50,5.50,6.00,5.00,6.00,7.00,no,yes,yes,yes,yes,yes,yes,yes,yes,yes,
22,2,rzeżucha,2,0,0.00,1.00,1.50,3.50,5.50,5.00,6.00,5.00,6.00,6.00,no,yes,yes,yes,yes,yes,yes,yes,yes,yes,
23,3,rzeżucha,2,0,0.00,1.00,1.50,3.50,4.00,4.50,5.00,3.50,6.00,6.00,no,yes,yes,yes,yes,yes,yes,yes,yes,yes,
24,4,rzeżucha,2,0,0.00,1.00,1.50,2.50,4.00,4.50,5.00,3.50,6.50,3.50,no,yes,yes,yes,yes,yes,yes,yes,yes,yes,
25,5,rzeżucha,2,0,0.00,1.00,1.50,2.50,4.00,4.50,5.00,3.50,7.00,3.50,no,yes,yes,yes,yes,yes,yes,yes,yes,yes,
26,6,rzeżucha,2,0,0.00,1.00,1.50,2.50,4.00,4.50,5.00,4.00,7.00,5.00,no,yes,yes,yes,yes,yes,yes,yes,yes,yes,
27,7,rzeżucha,2,0,0.00,1.00,1.50,2.50,4.00,4.00,5.00,4.00,5.00,5.00,no,yes,yes,yes,yes,yes,yes,yes,yes,yes,
28,8,rzeżucha,2,0,0.00,1.00,1.50,2.50,3.00,4.00,5.00,2.00,5.00,5.00,no,yes,yes,yes,yes,yes,yes,yes,yes,yes,
29,9,rzeżucha,2,0,0.00,1.00,1.50,2.50,3.00,4.00,5.00,3.00,4.00,4.00,no,yes,yes,yes,yes,yes,yes,yes,yes,yes,
30,10,rzeżucha,2,0,0.00,1.00,1.50,2.00,3.00,4.00,5.00,4.00,4.00,4.00,no,yes,yes,yes,yes,yes,yes,yes,yes,yes,
31,11,rzeżucha,2,0,0.00,1.00,1.50,2.00,3.00,4.00,4.00,4.00,4.00,4.00,no,yes,yes,yes,yes,yes,yes,yes,yes,yes,
32,12,rzeżucha,2,0,0.00,1.00,2.00,2.00,3.00,4.00,4.00,4.00,4.00,4.00,no,yes,yes,yes,yes,yes,yes,yes,yes,yes,
33,13,rzeżucha,2,0,0.00,1.00,2.00,1.50,3.00,4.00,4.00,4.00,5.50,4.00,no,yes,yes,yes,yes,yes,yes,yes,yes,yes,
34,14,rzeżucha,2,0,0.00,1.00,2.00,1.50,3.00,3.00,4.00,4.00,4.50,4.00,no,yes,yes,yes,yes,yes,yes,yes,yes,yes,
35,15,rzeżucha,2,0,0.00,1.00,2.00,1.50,3.00,3.00,3.50,4.50,4.50,1.50,no,yes,yes,yes,yes,yes,yes,yes,yes,yes,
36,16,rzeżucha,2,0,0.00,0.00,0.00,1.50,1.50,1.50,3.50,5.00,4.50,2.00,no,no,no,yes,yes,yes,yes,yes,yes,yes,
37,17,rzeżucha,2,0,0.00,0.00,0.00,0.00,0.00,0.00,0.00,0.00,4.50,4.50,no,no,no,no,no,no,no,no,yes,yes,
38,18,rzeżucha,2,0,0.00,0.00,0.00,0.00,0.00,0.00,0.00,0.00,0.00,0.00,no,no,no,no,no,no,no,no,no,no,
39,19,rzeżucha,2,0,0.00,0.00,0.00,0.00,0.00,0.00,0.00,0.00,0.00,0.00,no,no,no,no,no,no,no,no,no,no,
40,20,rzeżucha,2,0,0.00,0.00,0.00,0.00,0.00,0.00,0.00,0.00,0.00,0.00,no,no,no,no,no,no,no,no,no,no,
41,1,rzeżucha,1,100,0.00,0.00,0.00,0.00,0.00,0.00,0.00,0.00,0.00,0.00,no,no,no,no,no,no,no,no,no,no,
42,2,rzeżucha,1,100,0.00,0.00,0.00,0.00,0.00,0.00,0.00,0.00,0.00,0.00,no,no,no,no,no,no,no,no,no,no,
43,3,rzeżucha,1,100,0.00,0.00,0.00,0.00,0.00,0.00,0.00,0.00,0.00,0.00,no,no,no,no,no,no,no,no,no,no,
44,4,rzeżucha,1,100,0.00,0.00,0.00,0.00,0.00,0.00,0.00,0.00,0.00,0.00,no,no,no,no,no,no,no,no,no,no,
45,5,rzeżucha,1,100,0.00,0.00,0.00,0.00,0.00,0.00,0.00,0.00,0.00,0.00,no,no,no,no,no,no,no,no,no,no,
46,6,rzeżucha,1,100,0.00,0.00,0.00,0.00,0.00,0.00,0.00,0.00,0.00,0.00,no,no,no,no,no,no,no,no,no,no,
47,7,rzeżucha,1,100,0.00,0.00,0.00,0.00,0.00,0.00,0.00,0.00,0.00,0.00,no,no,no,no,no,no,no,no,no,no,
48,8,rzeżucha,1,100,0.00,0.00,0.00,0.00,0.00,0.00,0.00,0.00,0.00,0.00,no,no,no,no,no,no,no,no,no,no,
49,9,rzeżucha,1,100,0.00,0.00,0.00,0.00,0.00,0.00,0.00,0.00,0.00,0.00,no,no,no,no,no,no,no,no,no,no,
50,10,rzeżucha,1,100,0.00,0.00,0.00,0.00,0.00,0.00,0.00,0.00,0.00,0.00,no,no,no,no,no,no,no,no,no,no,
51,11,rzeżucha,1,100,0.00,0.00,0.00,0.00,0.00,0.00,0.00,0.00,0.00,0.00,no,no,no,no,no,no,no,no,no,no,
52,12,rzeżucha,1,100,0.00,0.00,0.00,0.00,0.00,0.00,0.00,0.00,0.00,0.00,no,no,no,no,no,no,no,no,no,no,
53,13,rzeżucha,1,100,0.00,0.00,0.00,0.00,0.00,0.00,0.00,0.00,0.00,0.00,no,no,no,no,no,no,no,no,no,no,
54,14,rzeżucha,1,100,0.00,0.00,0.00,0.00,0.00,0.00,0.00,0.00,0.00,0.00,no,no,no,no,no,no,no,no,no,no,
55,15,rzeżucha,1,100,0.00,0.00,0.00,0.00,0.00,0.00,0.00,0.00,0.00,0.00,no,no,no,no,no,no,no,no,no,no,
56,16,rzeżucha,1,100,0.00,0.00,0.00,0.00,0.00,0.00,0.00,0.00,0.00,0.00,no,no,no,no,no,no,no,no,no,no,
57,17,rzeżucha,1,100,0.00,0.00,0.00,0.00,0.00,0.00,0.00,0.00,0.00,0.00,no,no,no,no,no,no,no,no,no,no,
58,18,rzeżucha,1,100,0.00,0.00,0.00,0.00,0.00,0.00,0.00,0.00,0.00,0.00,no,no,no,no,no,no,no,no,no,no,
59,19,rzeżucha,1,100,0.00,0.00,0.00,0.00,0.00,0.00,0.00,0.00,0.00,0.00,no,no,no,no,no,no,no,no,no,no,
60,20,rzeżucha,1,100,0.00,0.00,0.00,0.00,0.00,0.00,0.00,0.00,0.00,0.00,no,no,no,no,no,no,no,no,no,no,
61,1,rzeżucha,2,100,0.00,0.00,0.00,0.00,0.00,0.00,0.00,0.00,0.00,0.00,no,no,no,no,no,no,no,no,no,no,
62,2,rzeżucha,2,100,0.00,0.00,0.00,0.00,0.00,0.00,0.00,0.00,0.00,0.00,no,no,no,no,no,no,no,no,no,no,
63,3,rzeżucha,2,100,0.00,0.00,0.00,0.00,0.00,0.00,0.00,0.00,0.00,0.00,no,no,no,no,no,no,no,no,no,no,
64,4,rzeżucha,2,100,0.00,0.00,0.00,0.00,0.00,0.00,0.00,0.00,0.00,0.00,no,no,no,no,no,no,no,no,no,no,
65,5,rzeżucha,2,100,0.00,0.00,0.00,0.00,0.00,0.00,0.00,0.00,0.00,0.00,no,no,no,no,no,no,no,no,no,no,
66,6,rzeżucha,2,100,0.00,0.00,0.00,0.00,0.00,0.00,0.00,0.00,0.00,0.00,no,no,no,no,no,no,no,no,no,no,
67,7,rzeżucha,2,100,0.00,0.00,0.00,0.00,0.00,0.00,0.00,0.00,0.00,0.00,no,no,no,no,no,no,no,no,no,no,
68,8,rzeżucha,2,100,0.00,0.00,0.00,0.00,0.00,0.00,0.00,0.00,0.00,0.00,no,no,no,no,no,no,no,no,no,no,
69,9,rzeżucha,2,100,0.00,0.00,0.00,0.00,0.00,0.00,0.00,0.00,0.00,0.00,no,no,no,no,no,no,no,no,no,no,
70,10,rzeżucha,2,100,0.00,0.00,0.00,0.00,0.00,0.00,0.00,0.00,0.00,0.00,no,no,no,no,no,no,no,no,no,no,
71,11,rzeżucha,2,100,0.00,0.00,0.00,0.00,0.00,0.00,0.00,0.00,0.00,0.00,no,no,no,no,no,no,no,no,no,no,
72,12,rzeżucha,2,100,0.00,0.00,0.00,0.00,0.00,0.00,0.00,0.00,0.00,0.00,no,no,no,no,no,no,no,no,no,no,
73,13,rzeżucha,2,100,0.00,0.00,0.00,0.00,0.00,0.00,0.00,0.00,0.00,0.00,no,no,no,no,no,no,no,no,no,no,
74,14,rzeżucha,2,100,0.00,0.00,0.00,0.00,0.00,0.00,0.00,0.00,0.00,0.00,no,no,no,no,no,no,no,no,no,no,
75,15,rzeżucha,2,100,0.00,0.00,0.00,0.00,0.00,0.00,0.00,0.00,0.00,0.00,no,no,no,no,no,no,no,no,no,no,
76,16,rzeżucha,2,100,0.00,0.00,0.00,0.00,0.00,0.00,0.00,0.00,0.00,0.00,no,no,no,no,no,no,no,no,no,no,
77,17,rzeżucha,2,100,0.00,0.00,0.00,0.00,0.00,0.00,0.00,0.00,0.00,0.00,no,no,no,no,no,no,no,no,no,no,
78,18,rzeżucha,2,100,0.00,0.00,0.00,0.00,0.00,0.00,0.00,0.00,0.00,0.00,no,no,no,no,no,no,no,no,no,no,
79,19,rzeżucha,2,100,0.00,0.00,0.00,0.00,0.00,0.00,0.00,0.00,0.00,0.00,no,no,no,no,no,no,no,no,no,no,
80,20,rzeżucha,2,100,0.00,0.00,0.00,0.00,0.00,0.00,0.00,0.00,0.00,0.00,no,no,no,no,no,no,no,no,no,no,
81,1,rzeżucha,1,50,0.00,0.00,0.10,0.50,0.50,0.70,0.70,0.70,0.70,0.70,no,no,yes,yes,yes,yes,yes,yes,yes,yes,
82,2,rzeżucha,1,50,0.00,0.00,0.10,0.10,0.10,0.10,0.10,0.10,0.50,0.50,no,no,yes,yes,yes,yes,yes,yes,yes,yes,
83,3,rzeżucha,1,50,0.00,0.00,0.10,0.10,0.10,0.10,0.10,0.10,0.50,0.50,no,no,yes,yes,yes,yes,yes,yes,yes,yes,
84,4,rzeżucha,1,50,0.00,0.00,0.10,0.10,0.10,0.10,0.10,0.10,0.10,0.10,no,no,yes,yes,yes,yes,yes,yes,yes,yes,
85,5,rzeżucha,1,50,0.00,0.00,0.00,0.00,0.00,0.00,0.00,0.00,0.00,0.00,no,no,no,no,no,no,no,no,no,no,
86,6,rzeżucha,1,50,0.00,0.00,0.00,0.00,0.00,0.00,0.00,0.00,0.00,0.00,no,no,no,no,no,no,no,no,no,no,
87,7,rzeżucha,1,50,0.00,0.00,0.00,0.00,0.00,0.00,0.00,0.00,0.00,0.00,no,no,no,no,no,no,no,no,no,no,
88,8,rzeżucha,1,50,0.00,0.00,0.00,0.00,0.00,0.00,0.00,0.00,0.00,0.00,no,no,no,no,no,no,no,no,no,no,
89,9,rzeżucha,1,50,0.00,0.00,0.00,0.00,0.00,0.00,0.00,0.00,0.00,0.00,no,no,no,no,no,no,no,no,no,no,
90,10,rzeżucha,1,50,0.00,0.00,0.00,0.00,0.00,0.00,0.00,0.00,0.00,0.00,no,no,no,no,no,no,no,no,no,no,
91,11,rzeżucha,1,50,0.00,0.00,0.00,0.00,0.00,0.00,0.00,0.00,0.00,0.00,no,no,no,no,no,no,no,no,no,no,
92,12,rzeżucha,1,50,0.00,0.00,0.00,0.00,0.00,0.00,0.00,0.00,0.00,0.00,no,no,no,no,no,no,no,no,no,no,
93,13,rzeżucha,1,50,0.00,0.00,0.00,0.00,0.00,0.00,0.00,0.00,0.00,0.00,no,no,no,no,no,no,no,no,no,no,
94,14,rzeżucha,1,50,0.00,0.00,0.00,0.00,0.00,0.00,0.00,0.00,0.00,0.00,no,no,no,no,no,no,no,no,no,no,
95,15,rzeżucha,1,50,0.00,0.00,0.00,0.00,0.00,0.00,0.00,0.00,0.00,0.00,no,no,no,no,no,no,no,no,no,no,
96,16,rzeżucha,1,50,0.00,0.00,0.00,0.00,0.00,0.00,0.00,0.00,0.00,0.00,no,no,no,no,no,no,no,no,no,no,
97,17,rzeżucha,1,50,0.00,0.00,0.00,0.00,0.00,0.00,0.00,0.00,0.00,0.00,no,no,no,no,no,no,no,no,no,no,
98,18,rzeżucha,1,50,0.00,0.00,0.00,0.00,0.00,0.00,0.00,0.00,0.00,0.00,no,no,no,no,no,no,no,no,no,no,
99,19,rzeżucha,1,50,0.00,0.00,0.00,0.00,0.00,0.00,0.00,0.00,0.00,0.00,no,no,no,no,no,no,no,no,no,no,
100,20,rzeżucha,1,50,0.00,0.00,0.00,0.00,0.00,0.00,0.00,0.00,0.00,0.00,no,no,no,no,no,no,no,no,no,no,
101,1,rzeżucha,2,50,0.00,0.20,0.10,0.10,0.50,0.50,1.50,1.50,0.50,1.00,no,yes,yes,yes,yes,yes,yes,yes,yes,yes,
102,2,rzeżucha,2,50,0.00,0.00,0.10,0.10,0.00,0.50,1.00,0.50,0.50,1.00,no,no,yes,yes,no,yes,yes,yes,yes,yes,
103,3,rzeżucha,2,50,0.00,0.00,0.10,0.10,0.00,0.50,0.70,0.20,1.00,0.50,no,no,yes,yes,no,yes,yes,yes,yes,yes,
104,4,rzeżucha,2,50,0.00,0.00,0.10,0.10,0.00,0.50,0.70,0.20,0.20,0.50,no,no,yes,yes,no,yes,yes,yes,yes,yes,
105,5,rzeżucha,2,50,0.00,0.00,0.00,0.00,0.00,0.00,0.00,0.20,0.20,0.80,no,no,no,no,no,no,no,yes,yes,yes,
106,6,rzeżucha,2,50,0.00,0.00,0.00,0.00,0.00,0.00,0.00,0.20,0.20,0.80,no,no,no,no,no,no,no,yes,yes,yes,
107,7,rzeżucha,2,50,0.00,0.00,0.00,0.00,0.00,0.00,0.00,0.20,0.20,0.80,no,no,no,no,no,no,no,yes,yes,yes,
108,8,rzeżucha,2,50,0.00,0.00,0.00,0.00,0.00,0.00,0.00,0.50,0.20,0.20,no,no,no,no,no,no,no,yes,yes,yes,
109,9,rzeżucha,2,50,0.00,0.00,0.00,0.00,0.00,0.00,0.00,0.00,0.20,0.20,no,no,no,no,no,no,no,no,yes,yes,
110,10,rzeżucha,2,50,0.00,0.00,0.00,0.00,0.00,0.00,0.00,0.00,0.20,0.20,no,no,no,no,no,no,no,no,yes,yes,
111,11,rzeżucha,2,50,0.00,0.00,0.00,0.00,0.00,0.00,0.00,0.00,0.20,0.20,no,no,no,no,no,no,no,no,yes,yes,
112,12,rzeżucha,2,50,0.00,0.00,0.00,0.00,0.00,0.00,0.00,0.00,0.20,0.20,no,no,no,no,no,no,no,no,yes,yes,
113,13,rzeżucha,2,50,0.00,0.00,0.00,0.00,0.00,0.00,0.00,0.00,0.00,0.00,no,no,no,no,no,no,no,no,no,no,
114,14,rzeżucha,2,50,0.00,0.00,0.00,0.00,0.00,0.00,0.00,0.00,0.00,0.00,no,no,no,no,no,no,no,no,no,no,
115,15,rzeżucha,2,50,0.00,0.00,0.00,0.00,0.00,0.00,0.00,0.00,0.00,0.00,no,no,no,no,no,no,no,no,no,no,
116,16,rzeżucha,2,50,0.00,0.00,0.00,0.00,0.00,0.00,0.00,0.00,0.00,0.00,no,no,no,no,no,no,no,no,no,no,
117,17,rzeżucha,2,50,0.00,0.00,0.00,0.00,0.00,0.00,0.00,0.00,0.00,0.00,no,no,no,no,no,no,no,no,no,no,
118,18,rzeżucha,2,50,0.00,0.00,0.00,0.00,0.00,0.00,0.00,0.00,0.00,0.00,no,no,no,no,no,no,no,no,no,no,
119,19,rzeżucha,2,50,0.00,0.00,0.00,0.00,0.00,0.00,0.00,0.00,0.00,0.00,no,no,no,no,no,no,no,no,no,no,
120,20,rzeżucha,2,50,0.00,0.00,0.00,0.00,0.00,0.00,0.00,0.00,0.00,0.00,no,no,no,no,no,no,no,no,no,no,
121,1,rzeżucha,1,25,0.00,0.50,0.50,1.00,1.50,2.00,2.00,2.00,2.00,2.50,no,yes,yes,yes,yes,yes,yes,yes,yes,yes,
122,2,rzeżucha,1,25,0.00,0.50,0.50,1.00,1.00,1.00,2.00,2.00,1.50,2.00,no,yes,yes,yes,yes,yes,yes,yes,yes,yes,
123,3,rzeżucha,1,25,0.00,0.50,0.50,1.00,1.00,1.00,2.00,1.50,1.50,2.00,no,yes,yes,yes,yes,yes,yes,yes,yes,yes,
124,4,rzeżucha,1,25,0.00,0.50,0.50,1.00,1.00,1.00,2.00,1.50,1.00,2.00,no,yes,yes,yes,yes,yes,yes,yes,yes,yes,
125,5,rzeżucha,1,25,0.00,0.50,0.50,1.00,1.00,1.00,1.00,1.50,1.00,1.00,no,yes,yes,yes,yes,yes,yes,yes,yes,yes,
126,6,rzeżucha,1,25,0.00,0.50,0.50,1.00,0.50,1.00,1.00,1.00,1.00,1.00,no,yes,yes,yes,yes,yes,yes,yes,yes,yes,
127,7,rzeżucha,1,25,0.00,0.00,0.50,1.00,0.50,1.00,1.00,1.00,1.00,1.00,no,no,yes,yes,yes,yes,yes,yes,yes,yes,
128,8,rzeżucha,1,25,0.00,0.00,0.50,1.00,0.50,1.00,1.00,1.00,1.00,1.00,no,no,yes,yes,yes,yes,yes,yes,yes,yes,
129,9,rzeżucha,1,25,0.00,0.00,0.50,1.00,0.50,0.50,1.00,1.00,1.00,1.00,no,no,yes,yes,yes,yes,yes,yes,yes,yes,
130,10,rzeżucha,1,25,0.00,0.00,0.50,0.20,0.50,0.50,1.00,1.00,1.00,1.00,no,no,yes,yes,yes,yes,yes,yes,yes,yes,
131,11,rzeżucha,1,25,0.00,0.00,0.20,0.20,0.50,0.50,1.00,1.00,0.50,1.00,no,no,yes,yes,yes,yes,yes,yes,yes,yes,
132,12,rzeżucha,1,25,0.00,0.00,0.20,0.20,0.20,0.50,0.50,0.50,0.50,0.50,no,no,yes,yes,yes,yes,yes,yes,yes,yes,
133,13,rzeżucha,1,25,0.00,0.00,0.20,0.20,0.20,0.50,0.50,0.50,0.50,0.50,no,no,yes,yes,yes,yes,yes,yes,yes,yes,
134,14,rzeżucha,1,25,0.00,0.00,0.20,0.20,0.20,0.50,0.50,0.50,0.20,0.30,no,no,yes,yes,yes,yes,yes,yes,yes,yes,
135,15,rzeżucha,1,25,0.00,0.00,0.20,0.20,0.20,0.20,0.20,0.50,0.20,0.20,no,no,yes,yes,yes,yes,yes,yes,yes,yes,
136,16,rzeżucha,1,25,0.00,0.00,0.20,0.20,0.20,0.20,0.20,0.20,0.20,0.20,no,no,yes,yes,yes,yes,yes,yes,yes,yes,
137,17,rzeżucha,1,25,0.00,0.00,0.20,0.20,0.20,0.20,0.20,0.20,0.20,0.20,no,no,yes,yes,yes,yes,yes,yes,yes,yes,
138,18,rzeżucha,1,25,0.00,0.00,0.00,0.00,0.00,0.00,0.00,0.00,0.00,0.00,no,no,no,no,no,no,no,no,no,no,
139,19,rzeżucha,1,25,0.00,0.00,0.00,0.00,0.00,0.00,0.00,0.00,0.00,0.00,no,no,no,no,no,no,no,no,no,no,
140,20,rzeżucha,1,25,0.00,0.00,0.00,0.00,0.00,0.00,0.00,0.00,0.00,0.00,no,no,no,no,no,no,no,no,no,no,
141,1,rzeżucha,2,25,0.00,0.50,1.00,1.50,1.50,2.00,2.50,2.00,2.50,2.50,no,yes,yes,yes,yes,yes,yes,yes,yes,yes,
142,2,rzeżucha,2,25,0.00,0.50,0.70,0.50,1.50,1.00,2.50,2.00,2.50,2.50,no,yes,yes,yes,yes,yes,yes,yes,yes,yes,
143,3,rzeżucha,2,25,0.00,0.00,0.10,0.50,0.50,1.00,1.00,1.00,1.00,1.50,no,no,yes,yes,yes,yes,yes,yes,yes,yes,
144,4,rzeżucha,2,25,0.00,0.00,0.10,0.20,0.50,1.00,1.00,1.00,1.00,1.50,no,no,yes,yes,yes,yes,yes,yes,yes,yes,
145,5,rzeżucha,2,25,0.00,0.00,0.10,0.20,0.20,0.50,0.50,1.00,1.00,1.00,no,no,yes,yes,yes,yes,yes,yes,yes,yes,
146,6,rzeżucha,2,25,0.00,0.00,0.10,0.20,0.20,0.20,0.50,0.70,0.50,1.00,no,no,yes,yes,yes,yes,yes,yes,yes,yes,
147,7,rzeżucha,2,25,0.00,0.00,0.10,0.20,0.20,0.20,0.20,0.70,0.50,1.00,no,no,yes,yes,yes,yes,yes,yes,yes,yes,
148,8,rzeżucha,2,25,0.00,0.00,0.10,0.20,0.20,0.20,0.20,0.70,0.50,0.50,no,no,yes,yes,yes,yes,yes,yes,yes,yes,
149,9,rzeżucha,2,25,0.00,0.00,0.10,0.20,0.20,0.20,0.20,0.50,0.50,0.50,no,no,yes,yes,yes,yes,yes,yes,yes,yes,
150,10,rzeżucha,2,25,0.00,0.00,0.10,0.20,0.20,0.20,0.20,0.50,0.50,0.50,no,no,yes,yes,yes,yes,yes,yes,yes,yes,
151,11,rzeżucha,2,25,0.00,0.00,0.00,0.20,0.20,0.20,0.20,0.20,0.50,0.50,no,no,no,yes,yes,yes,yes,yes,yes,yes,
152,12,rzeżucha,2,25,0.00,0.00,0.00,0.00,0.00,0.00,0.00,0.00,0.00,0.00,no,no,no,no,no,no,no,no,no,no,
153,13,rzeżucha,2,25,0.00,0.00,0.00,0.00,0.00,0.00,0.00,0.00,0.00,0.00,no,no,no,no,no,no,no,no,no,no,
154,14,rzeżucha,2,25,0.00,0.00,0.00,0.00,0.00,0.00,0.00,0.00,0.00,0.00,no,no,no,no,no,no,no,no,no,no,
155,15,rzeżucha,2,25,0.00,0.00,0.00,0.00,0.00,0.00,0.00,0.00,0.00,0.00,no,no,no,no,no,no,no,no,no,no,
156,16,rzeżucha,2,25,0.00,0.00,0.00,0.00,0.00,0.00,0.00,0.00,0.00,0.00,no,no,no,no,no,no,no,no,no,no,
157,17,rzeżucha,2,25,0.00,0.00,0.00,0.00,0.00,0.00,0.00,0.00,0.00,0.00,no,no,no,no,no,no,no,no,no,no,
158,18,rzeżucha,2,25,0.00,0.00,0.00,0.00,0.00,0.00,0.00,0.00,0.00,0.00,no,no,no,no,no,no,no,no,no,no,
159,19,rzeżucha,2,25,0.00,0.00,0.00,0.00,0.00,0.00,0.00,0.00,0.00,0.00,no,no,no,no,no,no,no,no,no,no,
160,20,rzeżucha,2,25,0.00,0.00,0.00,0.00,0.00,0.00,0.00,0.00,0.00,0.00,no,no,no,no,no,no,no,no,no,no,
161,1,rzeżucha,1,12.5,0.00,0.50,1.50,2.00,1.50,2.50,4.00,4.00,4.00,4.50,no,yes,yes,yes,yes,yes,yes,yes,yes,yes,
162,2,rzeżucha,1,12.5,0.00,0.50,1.50,1.50,1.50,2.50,4.00,4.00,3.00,4.50,no,yes,yes,yes,yes,yes,yes,yes,yes,yes,
163,3,rzeżucha,1,12.5,0.00,0.50,1.50,1.50,1.50,2.50,3.00,4.00,2.50,4.00,no,yes,yes,yes,yes,yes,yes,yes,yes,yes,
164,4,rzeżucha,1,12.5,0.00,0.50,1.50,1.50,1.50,2.50,3.00,4.00,2.50,4.00,no,yes,yes,yes,yes,yes,yes,yes,yes,yes,
165,5,rzeżucha,1,12.5,0.00,0.50,1.50,1.00,1.50,2.00,3.00,4.00,2.00,3.50,no,yes,yes,yes,yes,yes,yes,yes,yes,yes,
166,6,rzeżucha,1,12.5,0.00,0.50,1.50,1.00,1.50,2.00,3.00,2.50,1.00,3.50,no,yes,yes,yes,yes,yes,yes,yes,yes,yes,
167,7,rzeżucha,1,12.5,0.00,0.50,1.50,1.00,1.00,2.00,3.00,2.50,1.00,3.00,no,yes,yes,yes,yes,yes,yes,yes,yes,yes,
168,8,rzeżucha,1,12.5,0.00,0.50,1.50,1.00,1.00,1.00,1.00,1.00,1.00,1.00,no,yes,yes,yes,yes,yes,yes,yes,yes,yes,
169,9,rzeżucha,1,12.5,0.00,0.50,1.50,1.00,1.00,1.00,1.00,1.00,0.50,1.00,no,yes,yes,yes,yes,yes,yes,yes,yes,yes,
170,10,rzeżucha,1,12.5,0.00,0.50,1.50,1.00,1.00,1.00,1.00,1.00,0.50,1.00,no,yes,yes,yes,yes,yes,yes,yes,yes,yes,
171,11,rzeżucha,1,12.5,0.00,0.50,2.00,1.00,1.00,1.00,1.00,1.00,0.50,1.50,no,yes,yes,yes,yes,yes,yes,yes,yes,yes,
172,12,rzeżucha,1,12.5,0.00,0.50,2.00,0.00,0.00,0.00,1.00,1.00,0.50,0.50,no,yes,yes,no,no,no,yes,yes,yes,yes,
173,13,rzeżucha,1,12.5,0.00,0.50,2.00,0.00,0.00,0.00,0.20,0.50,0.50,0.50,no,yes,yes,no,no,no,yes,yes,yes,yes,
174,14,rzeżucha,1,12.5,0.00,0.50,1.00,0.00,0.00,0.00,0.20,0.50,0.50,0.50,no,yes,yes,no,no,no,yes,yes,yes,yes,
175,15,rzeżucha,1,12.5,0.00,0.50,1.00,0.00,0.00,0.00,0.00,0.00,0.00,0.00,no,yes,yes,no,no,no,no,no,no,no,
176,16,rzeżucha,1,12.5,0.00,0.00,0.00,0.00,0.00,0.00,0.00,0.00,0.00,0.00,no,no,no,no,no,no,no,no,no,no,
177,17,rzeżucha,1,12.5,0.00,0.00,0.00,0.00,0.00,0.00,0.00,0.00,0.00,0.00,no,no,no,no,no,no,no,no,no,no,
178,18,rzeżucha,1,12.5,0.00,0.00,0.00,0.00,0.00,0.00,0.00,0.00,0.00,0.00,no,no,no,no,no,no,no,no,no,no,
179,19,rzeżucha,1,12.5,0.00,0.00,0.00,0.00,0.00,0.00,0.00,0.00,0.00,0.00,no,no,no,no,no,no,no,no,no,no,
180,20,rzeżucha,1,12.5,0.00,0.00,0.00,0.00,0.00,0.00,0.00,0.00,0.00,0.00,no,no,no,no,no,no,no,no,no,no,
181,1,rzeżucha,2,12.5,0.00,0.40,2.00,1.50,3.00,4.50,5.00,5.00,4.00,4.50,no,yes,yes,yes,yes,yes,yes,yes,yes,yes,
182,2,rzeżucha,2,12.5,0.00,0.40,2.00,1.50,3.00,4.50,4.00,4.00,4.00,4.50,no,yes,yes,yes,yes,yes,yes,yes,yes,yes,
183,3,rzeżucha,2,12.5,0.00,0.40,1.00,1.50,2.00,3.00,4.00,4.00,4.00,0.50,no,yes,yes,yes,yes,yes,yes,yes,yes,yes,
184,4,rzeżucha,2,12.5,0.00,0.40,1.00,1.50,1.50,2.50,3.00,3.50,3.00,0.50,no,yes,yes,yes,yes,yes,yes,yes,yes,yes,
185,5,rzeżucha,2,12.5,0.00,0.40,0.50,1.50,1.50,2.50,3.00,3.50,3.00,5.00,no,yes,yes,yes,yes,yes,yes,yes,yes,yes,
186,6,rzeżucha,2,12.5,0.00,0.40,0.50,1.50,1.50,2.50,3.00,2.00,2.00,4.00,no,yes,yes,yes,yes,yes,yes,yes,yes,yes,
187,7,rzeżucha,2,12.5,0.00,0.40,0.50,1.50,1.50,2.50,1.50,2.00,2.00,2.00,no,yes,yes,yes,yes,yes,yes,yes,yes,yes,
188,8,rzeżucha,2,12.5,0.00,0.40,0.50,1.50,1.50,1.00,1.50,2.00,2.00,2.00,no,yes,yes,yes,yes,yes,yes,yes,yes,yes,
189,9,rzeżucha,2,12.5,0.00,0.40,0.50,1.50,1.50,1.00,1.50,2.00,1.50,2.00,no,yes,yes,yes,yes,yes,yes,yes,yes,yes,
190,10,rzeżucha,2,12.5,0.00,0.40,0.00,1.50,1.50,1.00,1.50,2.00,1.50,2.00,no,yes,no,yes,yes,yes,yes,yes,yes,yes,
191,11,rzeżucha,2,12.5,0.00,0.40,0.00,1.50,1.00,1.00,1.50,2.50,1.50,2.00,no,yes,no,yes,yes,yes,yes,yes,yes,yes,
192,12,rzeżucha,2,12.5,0.00,0.40,0.00,1.50,1.00,1.00,1.50,1.00,1.50,2.50,no,yes,no,yes,yes,yes,yes,yes,yes,yes,
193,13,rzeżucha,2,12.5,0.00,0.40,0.00,1.70,1.00,1.00,1.50,1.00,1.00,1.50,no,yes,no,yes,yes,yes,yes,yes,yes,yes,
194,14,rzeżucha,2,12.5,0.00,0.40,0.00,0.00,0.00,0.00,1.50,0.50,1.00,1.50,no,yes,no,no,no,no,yes,yes,yes,yes,
195,15,rzeżucha,2,12.5,0.00,0.40,0.00,0.00,0.00,0.00,1.50,0.50,1.00,1.00,no,yes,no,no,no,no,yes,yes,yes,yes,
196,16,rzeżucha,2,12.5,0.00,0.00,0.00,0.00,0.00,0.00,1.50,0.50,0.50,1.00,no,no,no,no,no,no,yes,yes,yes,yes,
197,17,rzeżucha,2,12.5,0.00,0.00,0.00,0.00,0.00,0.00,0.00,0.00,0.00,0.00,no,no,no,no,no,no,no,no,no,no,
198,18,rzeżucha,2,12.5,0.00,0.00,0.00,0.00,0.00,0.00,0.00,0.00,0.00,0.00,no,no,no,no,no,no,no,no,no,no,
199,19,rzeżucha,2,12.5,0.00,0.00,0.00,0.00,0.00,0.00,0.00,0.00,0.00,0.00,no,no,no,no,no,no,no,no,no,no,
200,20,rzeżucha,2,12.5,0.00,0.00,0.00,0.00,0.00,0.00,0.00,0.00,0.00,0.00,no,no,no,no,no,no,no,no,no,no,
201,1,rzeżucha,1,6.25,0.00,0.70,1.00,3.00,3.50,5.00,6.00,4.00,7.00,5.00,no,yes,yes,yes,yes,yes,yes,yes,yes,yes,
202,2,rzeżucha,1,6.25,0.00,0.70,1.00,3.00,3.50,5.00,6.00,4.00,6.00,4.50,no,yes,yes,yes,yes,yes,yes,yes,yes,yes,
203,3,rzeżucha,1,6.25,0.00,0.70,1.00,2.00,3.50,5.00,6.00,4.00,6.00,6.00,no,yes,yes,yes,yes,yes,yes,yes,yes,yes,
204,4,rzeżucha,1,6.25,0.00,0.70,1.00,2.00,3.50,4.50,5.00,4.00,5.00,6.50,no,yes,yes,yes,yes,yes,yes,yes,yes,yes,
205,5,rzeżucha,1,6.25,0.00,0.70,1.00,1.50,3.50,4.50,5.00,4.00,5.00,2.50,no,yes,yes,yes,yes,yes,yes,yes,yes,yes,
206,6,rzeżucha,1,6.25,0.00,0.70,1.00,1.50,3.00,4.00,5.00,5.00,4.00,3.00,no,yes,yes,yes,yes,yes,yes,yes,yes,yes,
207,7,rzeżucha,1,6.25,0.00,0.70,1.00,1.50,3.00,4.00,5.00,5.00,4.00,6.00,no,yes,yes,yes,yes,yes,yes,yes,yes,yes,
208,8,rzeżucha,1,6.25,0.00,0.70,1.00,1.50,3.00,3.50,5.00,5.00,4.00,4.00,no,yes,yes,yes,yes,yes,yes,yes,yes,yes,
209,9,rzeżucha,1,6.25,0.00,0.70,1.00,1.50,3.00,3.50,4.00,5.00,3.00,4.00,no,yes,yes,yes,yes,yes,yes,yes,yes,yes,
210,10,rzeżucha,1,6.25,0.00,0.70,1.00,1.00,2.00,3.50,4.00,5.00,3.00,4.50,no,yes,yes,yes,yes,yes,yes,yes,yes,yes,
211,11,rzeżucha,1,6.25,0.00,0.70,1.00,1.00,2.00,3.50,1.50,3.00,3.00,5.50,no,yes,yes,yes,yes,yes,yes,yes,yes,yes,
212,12,rzeżucha,1,6.25,0.00,0.70,1.00,1.00,2.00,2.00,1.50,3.00,2.00,5.50,no,yes,yes,yes,yes,yes,yes,yes,yes,yes,
213,13,rzeżucha,1,6.25,0.00,0.70,1.00,1.00,1.00,1.50,1.50,3.00,2.00,4.00,no,yes,yes,yes,yes,yes,yes,yes,yes,yes,
214,14,rzeżucha,1,6.25,0.00,0.70,1.00,1.00,1.00,1.50,1.50,2.00,2.00,4.00,no,yes,yes,yes,yes,yes,yes,yes,yes,yes,
215,15,rzeżucha,1,6.25,0.00,0.70,1.00,1.00,1.00,1.50,1.50,2.00,1.00,2.50,no,yes,yes,yes,yes,yes,yes,yes,yes,yes,
216,16,rzeżucha,1,6.25,0.00,0.70,1.50,1.00,1.00,1.50,0.50,2.00,1.50,2.50,no,yes,yes,yes,yes,yes,yes,yes,yes,yes,
217,17,rzeżucha,1,6.25,0.00,0.70,1.50,1.00,1.00,1.50,0.50,1.50,1.50,1.50,no,yes,yes,yes,yes,yes,yes,yes,yes,yes,
218,18,rzeżucha,1,6.25,0.00,0.70,1.50,0.00,0.00,0.00,0.00,0.00,0.00,1.50,no,yes,yes,no,no,no,no,no,no,yes,
219,19,rzeżucha,1,6.25,0.00,0.00,1.50,0.00,0.00,0.00,0.00,0.00,0.00,2.50,no,no,yes,no,no,no,no,no,no,yes,
220,20,rzeżucha,1,6.25,0.00,0.00,1.50,0.00,0.00,0.00,0.00,0.00,0.00,0.00,no,no,yes,no,no,no,no,no,no,no,
221,1,rzeżucha,2,6.25,0.00,0.80,1.20,3.00,4.50,5.00,5.00,6.00,6.00,6.50,no,yes,yes,yes,yes,yes,yes,yes,yes,yes,
222,2,rzeżucha,2,6.25,0.00,0.80,1.20,3.00,4.50,5.00,5.00,5.00,5.00,5.50,no,yes,yes,yes,yes,yes,yes,yes,yes,yes,
223,3,rzeżucha,2,6.25,0.00,0.80,1.20,3.00,4.50,5.00,5.00,5.00,5.00,5.50,no,yes,yes,yes,yes,yes,yes,yes,yes,yes,
224,4,rzeżucha,2,6.25,0.00,0.80,1.20,3.00,4.00,5.00,5.00,5.00,5.00,4.50,no,yes,yes,yes,yes,yes,yes,yes,yes,yes,
225,5,rzeżucha,2,6.25,0.00,0.80,1.20,3.00,4.00,4.00,5.00,5.00,5.00,4.50,no,yes,yes,yes,yes,yes,yes,yes,yes,yes,
226,6,rzeżucha,2,6.25,0.00,0.80,1.20,2.00,4.00,4.00,5.00,5.00,5.00,4.50,no,yes,yes,yes,yes,yes,yes,yes,yes,yes,
227,7,rzeżucha,2,6.25,0.00,0.80,1.20,1.50,4.00,4.00,3.50,5.00,4.50,4.00,no,yes,yes,yes,yes,yes,yes,yes,yes,yes,
228,8,rzeżucha,2,6.25,0.00,0.80,1.20,1.50,2.00,3.00,3.50,4.00,4.50,4.00,no,yes,yes,yes,yes,yes,yes,yes,yes,yes,
229,9,rzeżucha,2,6.25,0.00,0.80,1.20,1.50,2.00,3.00,3.50,4.00,2.50,4.00,no,yes,yes,yes,yes,yes,yes,yes,yes,yes,
230,10,rzeżucha,2,6.25,0.00,0.80,1.20,1.50,2.00,3.00,3.00,4.00,2.50,6.00,no,yes,yes,yes,yes,yes,yes,yes,yes,yes,
231,11,rzeżucha,2,6.25,0.00,0.80,2.00,1.50,2.00,3.00,3.00,2.70,2.00,2.50,no,yes,yes,yes,yes,yes,yes,yes,yes,yes,
232,12,rzeżucha,2,6.25,0.00,0.80,2.00,1.50,1.50,2.00,3.00,2.70,2.00,3.00,no,yes,yes,yes,yes,yes,yes,yes,yes,yes,
233,13,rzeżucha,2,6.25,0.00,0.80,0.80,1.50,1.50,2.00,3.00,2.70,2.00,3.00,no,yes,yes,yes,yes,yes,yes,yes,yes,yes,
234,14,rzeżucha,2,6.25,0.00,0.80,0.80,1.50,1.50,1.00,3.00,2.70,1.00,3.00,no,yes,yes,yes,yes,yes,yes,yes,yes,yes,
235,15,rzeżucha,2,6.25,0.00,0.80,0.80,1.50,1.50,1.50,2.00,2.70,1.00,2.00,no,yes,yes,yes,yes,yes,yes,yes,yes,yes,
236,16,rzeżucha,2,6.25,0.00,0.80,0.80,1.50,1.50,1.50,2.00,0.00,0.00,3.50,no,yes,yes,yes,yes,yes,yes,no,no,yes,
237,17,rzeżucha,2,6.25,0.00,0.80,0.80,0.00,0.00,0.00,0.00,0.00,0.00,2.50,no,yes,yes,no,no,no,no,no,no,yes,
238,18,rzeżucha,2,6.25,0.00,0.00,0.80,0.00,0.00,0.00,0.00,0.00,0.00,0.00,no,no,yes,no,no,no,no,no,no,no,
239,19,rzeżucha,2,6.25,0.00,0.00,0.00,0.00,0.00,0.00,0.00,0.00,0.00,0.00,no,no,no,no,no,no,no,no,no,no,
240,20,rzeżucha,2,6.25,0.00,0.00,0.00,0.00,0.00,0.00,0.00,0.00,0.00,0.00,no,no,no,no,no,no,no,no,no,no,
241,1,rzeżucha,1,3.125,0.00,0.90,1.00,3.50,6.00,7.00,8.00,8.00,8.00,9.00,no,yes,yes,yes,yes,yes,yes,yes,yes,yes,
242,2,rzeżucha,1,3.125,0.00,0.90,1.00,3.50,6.00,5.50,6.00,5.00,7.00,4.00,no,yes,yes,yes,yes,yes,yes,yes,yes,yes,
243,3,rzeżucha,1,3.125,0.00,0.90,1.00,2.00,5.00,5.50,6.00,5.00,7.00,5.00,no,yes,yes,yes,yes,yes,yes,yes,yes,yes,
244,4,rzeżucha,1,3.125,0.00,0.90,1.00,2.00,5.00,5.00,6.00,4.00,6.00,5.50,no,yes,yes,yes,yes,yes,yes,yes,yes,yes,
245,5,rzeżucha,1,3.125,0.00,0.90,1.00,2.00,5.00,5.00,6.00,6.00,6.00,3.50,no,yes,yes,yes,yes,yes,yes,yes,yes,yes,
246,6,rzeżucha,1,3.125,0.00,0.90,1.00,2.00,5.00,5.00,6.00,4.00,6.00,5.50,no,yes,yes,yes,yes,yes,yes,yes,yes,yes,
247,7,rzeżucha,1,3.125,0.00,0.90,1.00,2.00,5.00,5.00,6.00,2.00,6.00,5.50,no,yes,yes,yes,yes,yes,yes,yes,yes,yes,
248,8,rzeżucha,1,3.125,0.00,0.90,1.00,2.00,4.00,5.00,5.00,5.00,5.00,5.50,no,yes,yes,yes,yes,yes,yes,yes,yes,yes,
249,9,rzeżucha,1,3.125,0.00,0.90,1.00,2.00,4.00,5.00,5.00,5.00,5.00,5.00,no,yes,yes,yes,yes,yes,yes,yes,yes,yes,
250,10,rzeżucha,1,3.125,0.00,0.90,1.00,2.00,3.00,4.00,5.00,4.00,5.00,4.50,no,yes,yes,yes,yes,yes,yes,yes,yes,yes,
251,11,rzeżucha,1,3.125,0.00,0.90,1.00,1.50,3.00,3.00,3.00,5.00,5.00,6.00,no,yes,yes,yes,yes,yes,yes,yes,yes,yes,
252,12,rzeżucha,1,3.125,0.00,0.90,1.00,1.50,3.00,3.00,3.00,5.00,4.00,4.50,no,yes,yes,yes,yes,yes,yes,yes,yes,yes,
253,13,rzeżucha,1,3.125,0.00,0.90,1.50,1.50,2.00,3.00,3.00,5.00,4.00,3.00,no,yes,yes,yes,yes,yes,yes,yes,yes,yes,
254,14,rzeżucha,1,3.125,0.00,0.90,1.50,1.50,2.00,2.00,4.00,5.50,4.00,5.50,no,yes,yes,yes,yes,yes,yes,yes,yes,yes,
255,15,rzeżucha,1,3.125,0.00,0.90,1.50,1.50,1.00,2.00,4.00,2.00,3.00,5.50,no,yes,yes,yes,yes,yes,yes,yes,yes,yes,
256,16,rzeżucha,1,3.125,0.00,0.90,1.50,1.00,1.00,1.00,2.00,3.00,3.00,0.00,no,yes,yes,yes,yes,yes,yes,yes,yes,no,
257,17,rzeżucha,1,3.125,0.00,0.90,1.50,0.00,0.00,0.00,0.00,0.00,3.00,0.00,no,yes,yes,no,no,no,no,no,yes,no,
258,18,rzeżucha,1,3.125,0.00,0.00,1.50,0.00,0.00,0.00,0.00,0.00,1.50,0.00,no,no,yes,no,no,no,no,no,yes,no,
259,19,rzeżucha,1,3.125,0.00,0.00,0.50,0.00,0.00,0.00,0.00,0.00,0.00,0.00,no,no,yes,no,no,no,no,no,no,no,
260,20,rzeżucha,1,3.125,0.00,0.00,0.50,0.00,0.00,0.00,0.00,0.00,0.00,0.00,no,no,yes,no,no,no,no,no,no,no,
261,1,rzeżucha,2,3.125,0.00,1.00,1.00,4.00,5.00,6.50,7.00,5.50,7.00,7.00,no,yes,yes,yes,yes,yes,yes,yes,yes,yes,
262,2,rzeżucha,2,3.125,0.00,1.00,1.00,4.00,5.00,6.50,7.00,5.50,7.00,6.00,no,yes,yes,yes,yes,yes,yes,yes,yes,yes,
263,3,rzeżucha,2,3.125,0.00,1.00,1.00,3.50,5.00,5.50,6.00,2.00,7.00,6.00,no,yes,yes,yes,yes,yes,yes,yes,yes,yes,
264,4,rzeżucha,2,3.125,0.00,1.00,1.00,3.50,4.50,5.50,6.00,2.50,6.00,6.00,no,yes,yes,yes,yes,yes,yes,yes,yes,yes,
265,5,rzeżucha,2,3.125,0.00,1.00,1.00,3.50,4.50,5.00,6.00,5.50,6.00,5.00,no,yes,yes,yes,yes,yes,yes,yes,yes,yes,
266,6,rzeżucha,2,3.125,0.00,1.00,1.00,3.50,4.50,5.00,6.00,5.50,6.00,2.50,no,yes,yes,yes,yes,yes,yes,yes,yes,yes,
267,7,rzeżucha,2,3.125,0.00,1.00,1.00,3.50,4.50,5.00,6.00,5.50,6.00,5.00,no,yes,yes,yes,yes,yes,yes,yes,yes,yes,
268,8,rzeżucha,2,3.125,0.00,1.00,1.00,3.50,4.50,5.00,6.00,5.50,6.00,5.00,no,yes,yes,yes,yes,yes,yes,yes,yes,yes,
269,9,rzeżucha,2,3.125,0.00,1.00,1.00,2.50,4.50,5.00,6.00,7.00,6.00,6.00,no,yes,yes,yes,yes,yes,yes,yes,yes,yes,
270,10,rzeżucha,2,3.125,0.00,1.00,1.00,2.50,4.50,5.00,6.00,6.00,5.00,6.00,no,yes,yes,yes,yes,yes,yes,yes,yes,yes,
271,11,rzeżucha,2,3.125,0.00,1.00,1.00,2.50,4.50,5.00,6.00,6.00,5.00,4.50,no,yes,yes,yes,yes,yes,yes,yes,yes,yes,
272,12,rzeżucha,2,3.125,0.00,1.00,1.00,2.50,4.50,4.00,4.50,5.00,5.00,6.00,no,yes,yes,yes,yes,yes,yes,yes,yes,yes,
273,13,rzeżucha,2,3.125,0.00,1.00,1.00,2.50,3.00,4.00,4.50,7.00,5.00,4.50,no,yes,yes,yes,yes,yes,yes,yes,yes,yes,
274,14,rzeżucha,2,3.125,0.00,1.00,1.00,2.50,3.00,4.00,4.50,2.00,5.00,8.00,no,yes,yes,yes,yes,yes,yes,yes,yes,yes,
275,15,rzeżucha,2,3.125,0.00,1.00,1.50,2.00,3.00,4.00,4.50,5.00,5.00,6.00,no,yes,yes,yes,yes,yes,yes,yes,yes,yes,
276,16,rzeżucha,2,3.125,0.00,1.00,1.50,2.00,3.00,3.00,2.50,5.00,2.50,2.50,no,yes,yes,yes,yes,yes,yes,yes,yes,yes,
277,17,rzeżucha,2,3.125,0.00,0.00,1.50,2.00,2.00,3.00,2.50,6.00,2.50,5.00,no,no,yes,yes,yes,yes,yes,yes,yes,yes,
278,18,rzeżucha,2,3.125,0.00,0.00,1.50,2.00,1.50,2.00,2.50,6.00,2.50,6.00,no,no,yes,yes,yes,yes,yes,yes,yes,yes,
279,19,rzeżucha,2,3.125,0.00,0.00,0.50,1.00,1.50,2.00,2.00,4.00,2.50,5.00,no,no,yes,yes,yes,yes,yes,yes,yes,yes,
280,20,rzeżucha,2,3.125,0.00,0.00,0.50,1.00,1.50,2.00,2.00,3.00,2.50,6.00,no,no,yes,yes,yes,yes,yes,yes,yes,yes,
281,1,rzeżucha,1,1.5625,0.00,1.00,2.00,4.50,5.50,6.00,7.50,6.00,7.50,7.00,no,yes,yes,yes,yes,yes,yes,yes,yes,yes,
282,2,rzeżucha,1,1.5625,0.00,1.00,2.00,4.50,5.50,6.00,7.50,6.00,7.50,7.00,no,yes,yes,yes,yes,yes,yes,yes,yes,yes,
283,3,rzeżucha,1,1.5625,0.00,1.00,2.00,4.50,5.50,6.00,7.50,6.00,6.50,4.50,no,yes,yes,yes,yes,yes,yes,yes,yes,yes,
284,4,rzeżucha,1,1.5625,0.00,1.00,2.00,4.00,5.00,5.50,7.50,5.00,6.50,6.00,no,yes,yes,yes,yes,yes,yes,yes,yes,yes,
285,5,rzeżucha,1,1.5625,0.00,1.00,2.00,4.00,5.00,5.50,7.50,5.00,6.50,3.50,no,yes,yes,yes,yes,yes,yes,yes,yes,yes,
286,6,rzeżucha,1,1.5625,0.00,1.00,2.00,4.00,5.00,5.50,7.50,4.00,6.00,4.00,no,yes,yes,yes,yes,yes,yes,yes,yes,yes,
287,7,rzeżucha,1,1.5625,0.00,1.00,2.00,4.00,5.00,5.50,7.50,5.00,6.00,4.00,no,yes,yes,yes,yes,yes,yes,yes,yes,yes,
288,8,rzeżucha,1,1.5625,0.00,1.00,1.00,4.00,5.00,5.50,7.50,5.00,6.00,5.50,no,yes,yes,yes,yes,yes,yes,yes,yes,yes,
289,9,rzeżucha,1,1.5625,0.00,1.00,1.00,3.50,5.00,5.50,6.00,4.00,6.00,5.00,no,yes,yes,yes,yes,yes,yes,yes,yes,yes,
290,10,rzeżucha,1,1.5625,0.00,1.00,1.00,3.50,4.00,5.00,6.00,4.00,6.00,5.00,no,yes,yes,yes,yes,yes,yes,yes,yes,yes,
291,11,rzeżucha,1,1.5625,0.00,1.00,1.00,2.50,4.00,5.00,6.00,4.00,6.00,5.00,no,yes,yes,yes,yes,yes,yes,yes,yes,yes,
292,12,rzeżucha,1,1.5625,0.00,1.00,1.50,2.50,4.00,5.00,6.00,7.00,6.00,3.00,no,yes,yes,yes,yes,yes,yes,yes,yes,yes,
293,13,rzeżucha,1,1.5625,0.00,1.00,1.50,2.50,4.00,5.00,6.00,7.00,4.00,7.00,no,yes,yes,yes,yes,yes,yes,yes,yes,yes,
294,14,rzeżucha,1,1.5625,0.00,1.00,1.50,2.50,3.00,4.00,6.00,6.00,4.00,6.00,no,yes,yes,yes,yes,yes,yes,yes,yes,yes,
295,15,rzeżucha,1,1.5625,0.00,1.00,1.50,1.50,3.00,4.00,4.00,6.00,4.00,5.50,no,yes,yes,yes,yes,yes,yes,yes,yes,yes,
296,16,rzeżucha,1,1.5625,0.00,1.00,1.50,1.50,1.50,4.00,4.00,6.00,4.00,7.00,no,yes,yes,yes,yes,yes,yes,yes,yes,yes,
297,17,rzeżucha,1,1.5625,0.00,1.00,1.50,1.50,1.50,4.00,4.00,6.00,4.00,7.00,no,yes,yes,yes,yes,yes,yes,yes,yes,yes,
298,18,rzeżucha,1,1.5625,0.00,0.00,1.50,1.50,1.00,4.00,1.00,6.00,5.00,6.00,no,no,yes,yes,yes,yes,yes,yes,yes,yes,
299,19,rzeżucha,1,1.5625,0.00,1.00,0.00,0.50,1.00,3.00,3.00,6.00,3.00,6.00,no,yes,no,yes,yes,yes,yes,yes,yes,yes,
300,20,rzeżucha,1,1.5625,0.00,1.00,0.00,0.00,0.00,0.00,0.00,0.00,2.00,1.00,no,yes,no,no,no,no,no,no,yes,yes,
301,1,rzeżucha,2,1.5625,0.00,1.00,2.00,4.50,5.00,6.00,7.00,5.00,7.00,3.00,no,yes,yes,yes,yes,yes,yes,yes,yes,yes,
302,2,rzeżucha,2,1.5625,0.00,1.00,2.00,4.50,5.00,6.00,6.00,5.00,7.00,5.50,no,yes,yes,yes,yes,yes,yes,yes,yes,yes,
303,3,rzeżucha,2,1.5625,0.00,1.00,2.00,3.50,5.00,6.00,6.00,5.00,6.00,7.50,no,yes,yes,yes,yes,yes,yes,yes,yes,yes,
304,4,rzeżucha,2,1.5625,0.00,1.00,2.00,3.50,5.00,5.50,6.00,5.00,6.00,5.50,no,yes,yes,yes,yes,yes,yes,yes,yes,yes,
305,5,rzeżucha,2,1.5625,0.00,1.00,2.00,3.50,5.00,5.50,6.00,6.00,6.00,4.50,no,yes,yes,yes,yes,yes,yes,yes,yes,yes,
306,6,rzeżucha,2,1.5625,0.00,1.00,2.00,3.00,4.00,5.00,6.00,5.00,6.00,4.50,no,yes,yes,yes,yes,yes,yes,yes,yes,yes,
307,7,rzeżucha,2,1.5625,0.00,1.00,2.00,3.00,4.00,5.00,6.00,5.00,6.00,4.50,no,yes,yes,yes,yes,yes,yes,yes,yes,yes,
308,8,rzeżucha,2,1.5625,0.00,1.00,1.00,3.00,4.00,4.50,6.00,5.00,6.00,7.00,no,yes,yes,yes,yes,yes,yes,yes,yes,yes,
309,9,rzeżucha,2,1.5625,0.00,1.00,1.00,3.00,4.00,4.50,6.00,5.00,5.00,6.00,no,yes,yes,yes,yes,yes,yes,yes,yes,yes,
310,10,rzeżucha,2,1.5625,0.00,1.00,1.00,3.00,4.00,4.50,6.00,6.00,5.00,6.00,no,yes,yes,yes,yes,yes,yes,yes,yes,yes,
311,11,rzeżucha,2,1.5625,0.00,1.00,1.00,2.50,4.00,4.50,5.50,5.00,5.00,5.00,no,yes,yes,yes,yes,yes,yes,yes,yes,yes,
312,12,rzeżucha,2,1.5625,0.00,1.00,1.50,2.50,4.00,4.50,5.50,5.00,5.00,5.50,no,yes,yes,yes,yes,yes,yes,yes,yes,yes,
313,13,rzeżucha,2,1.5625,0.00,1.00,1.50,2.50,4.00,4.50,5.50,6.00,5.00,5.50,no,yes,yes,yes,yes,yes,yes,yes,yes,yes,
314,14,rzeżucha,2,1.5625,0.00,1.00,1.50,2.50,3.50,4.50,5.50,6.00,5.00,5.50,no,yes,yes,yes,yes,yes,yes,yes,yes,yes,
315,15,rzeżucha,2,1.5625,0.00,1.00,1.50,2.50,3.50,4.00,5.50,4.00,4.00,5.50,no,yes,yes,yes,yes,yes,yes,yes,yes,yes,
316,16,rzeżucha,2,1.5625,0.00,1.00,1.50,2.50,3.50,4.00,5.50,7.00,4.00,5.50,no,yes,yes,yes,yes,yes,yes,yes,yes,yes,
317,17,rzeżucha,2,1.5625,0.00,1.00,1.50,2.50,3.50,3.50,5.50,4.00,4.00,6.00,no,yes,yes,yes,yes,yes,yes,yes,yes,yes,
318,18,rzeżucha,2,1.5625,0.00,1.00,1.50,1.00,3.50,3.50,5.50,4.00,4.00,6.00,no,yes,yes,yes,yes,yes,yes,yes,yes,yes,
319,19,rzeżucha,2,1.5625,0.00,1.00,0.00,1.00,1.50,2.50,3.00,2.50,3.50,6.00,no,yes,no,yes,yes,yes,yes,yes,yes,yes,
320,20,rzeżucha,2,1.5625,0.00,0.00,0.00,1.00,1.50,2.50,4.00,2.00,8.00,4.50,no,no,no,yes,yes,yes,yes,yes,yes,yes,
